{"cameraMode":{"drawMode":0,"name":"Shaded","section":"Shading Mode"},"sceneLighting":true,"audioPlay":false,"sceneViewState":{"m_AlwaysRefresh":false,"showFog":true,"showSkybox":true,"showFlares":true,"showImageEffects":true,"showParticleSystems":true,"showVisualEffectGraphs":true,"m_FxEnabled":true},"in2DMode":false,"pivot":{"x":-0.20273900032043458,"y":-0.005667031742632389,"z":-0.032910093665122989},"rotation":{"x":-0.5784416794776917,"y":-0.009361994452774525,"z":0.006515085697174072,"w":-0.81573486328125},"size":0.3434620499610901,"orthographic":false}