{"cameraMode":{"drawMode":0,"name":"Shaded","section":"Shading Mode"},"sceneLighting":true,"audioPlay":false,"sceneViewState":{"m_AlwaysRefresh":false,"showFog":true,"showSkybox":true,"showFlares":true,"showImageEffects":true,"showParticleSystems":true,"showVisualEffectGraphs":true,"m_FxEnabled":true},"in2DMode":false,"pivot":{"x":-0.21248799562454225,"y":0.011055015958845616,"z":0.12749186158180238},"rotation":{"x":-0.4750608503818512,"y":0.028234420344233514,"z":-0.015253541059792042,"w":-0.8793715238571167},"size":0.11287141591310501,"orthographic":false}